{"stats":{"minecraft:picked_up":{"minecraft:wheat":19,"minecraft:leather_boots":1,"minecraft:wheat_seeds":4,"minecraft:red_tulip":4,"minecraft:coal":5},"minecraft:custom":{"minecraft:time_since_rest":101044,"minecraft:open_chest":5,"minecraft:sprint_one_cm":3589,"minecraft:crouch_one_cm":151,"minecraft:play_time":101044,"minecraft:damage_taken":20,"minecraft:walk_one_cm":619535,"minecraft:sneak_time":2032,"minecraft:bell_ring":5,"minecraft:walk_under_water_one_cm":11617,"minecraft:aviate_one_cm":611422,"minecraft:jump":52,"minecraft:leave_game":1,"minecraft:time_since_death":101044,"minecraft:walk_on_water_one_cm":6867,"minecraft:total_world_time":101044,"minecraft:fall_one_cm":753,"minecraft:fly_one_cm":2081198},"minecraft:used":{"minecraft:stone_brick_stairs":1,"minecraft:oak_log":18,"minecraft:dirt":34,"minecraft:firework_rocket":337,"minecraft:grass_block":229,"minecraft:oak_planks":34,"minecraft:elytra":1,"minecraft:spruce_fence":34,"minecraft:leather_boots":1,"minecraft:stone_bricks":3}},"DataVersion":3120}