{"stats":{"minecraft:picked_up":{"minecraft:wheat":19,"minecraft:leather_boots":1,"minecraft:wheat_seeds":4,"minecraft:red_tulip":4,"minecraft:coal":5},"minecraft:used":{"minecraft:oak_log":18,"minecraft:dirt":34,"minecraft:firework_rocket":337,"minecraft:grass_block":229,"minecraft:oak_planks":34,"minecraft:elytra":1,"minecraft:spruce_fence":33,"minecraft:leather_boots":1},"minecraft:custom":{"minecraft:time_since_rest":89044,"minecraft:open_chest":5,"minecraft:sprint_one_cm":3589,"minecraft:crouch_one_cm":121,"minecraft:play_time":89044,"minecraft:damage_taken":20,"minecraft:walk_one_cm":616940,"minecraft:sneak_time":1843,"minecraft:bell_ring":5,"minecraft:walk_under_water_one_cm":11617,"minecraft:aviate_one_cm":611422,"minecraft:jump":50,"minecraft:leave_game":1,"minecraft:time_since_death":89044,"minecraft:walk_on_water_one_cm":6809,"minecraft:total_world_time":89044,"minecraft:fall_one_cm":753,"minecraft:fly_one_cm":1749268}},"DataVersion":3120}