{"stats":{"minecraft:picked_up":{"minecraft:wheat":19,"minecraft:leather_boots":1,"minecraft:wheat_seeds":1,"minecraft:red_tulip":4,"minecraft:coal":5},"minecraft:used":{"minecraft:dirt":31,"minecraft:firework_rocket":337,"minecraft:grass_block":4,"minecraft:oak_planks":12,"minecraft:elytra":1,"minecraft:spruce_fence":4,"minecraft:leather_boots":1},"minecraft:custom":{"minecraft:time_since_rest":53044,"minecraft:open_chest":5,"minecraft:sprint_one_cm":2555,"minecraft:crouch_one_cm":68,"minecraft:play_time":53044,"minecraft:damage_taken":20,"minecraft:walk_one_cm":69304,"minecraft:sneak_time":812,"minecraft:bell_ring":5,"minecraft:walk_under_water_one_cm":3557,"minecraft:aviate_one_cm":611422,"minecraft:jump":33,"minecraft:leave_game":1,"minecraft:time_since_death":53044,"minecraft:walk_on_water_one_cm":2304,"minecraft:total_world_time":53044,"minecraft:fall_one_cm":753,"minecraft:fly_one_cm":1550906}},"DataVersion":3120}