{"stats":{"minecraft:used":{"minecraft:elytra":1,"minecraft:firework_rocket":253},"minecraft:custom":{"minecraft:jump":10,"minecraft:time_since_rest":41044,"minecraft:crouch_one_cm":68,"minecraft:leave_game":1,"minecraft:play_time":41044,"minecraft:sprint_one_cm":1848,"minecraft:damage_taken":20,"minecraft:time_since_death":41044,"minecraft:walk_one_cm":21299,"minecraft:bell_ring":5,"minecraft:sneak_time":123,"minecraft:total_world_time":41044,"minecraft:fall_one_cm":753,"minecraft:fly_one_cm":1288906,"minecraft:aviate_one_cm":345264}},"DataVersion":3120}