{"stats":{"minecraft:picked_up":{"minecraft:crimson_fungus":2},"minecraft:used":{"minecraft:sheep_spawn_egg":2,"minecraft:nether_gold_ore":6,"minecraft:nether_quartz_ore":5},"minecraft:custom":{"minecraft:jump":47,"minecraft:open_chest":8,"minecraft:time_since_rest":101583,"minecraft:crouch_one_cm":839,"minecraft:play_time":101583,"minecraft:sprint_one_cm":7317,"minecraft:damage_taken":90,"minecraft:time_since_death":101583,"minecraft:walk_one_cm":38944,"minecraft:sneak_time":859,"minecraft:climb_one_cm":531,"minecraft:total_world_time":101583,"minecraft:fall_one_cm":858,"minecraft:fly_one_cm":2110867}},"DataVersion":3120}