{"stats":{"minecraft:used":{"minecraft:nether_gold_ore":6,"minecraft:nether_quartz_ore":5},"minecraft:custom":{"minecraft:jump":45,"minecraft:open_chest":8,"minecraft:time_since_rest":89583,"minecraft:crouch_one_cm":814,"minecraft:play_time":89583,"minecraft:sprint_one_cm":4800,"minecraft:damage_taken":90,"minecraft:time_since_death":89583,"minecraft:walk_one_cm":38212,"minecraft:sneak_time":847,"minecraft:climb_one_cm":531,"minecraft:total_world_time":89583,"minecraft:fall_one_cm":858,"minecraft:fly_one_cm":1822866}},"DataVersion":3120}