{"stats":{"minecraft:picked_up":{"minecraft:crimson_fungus":2},"minecraft:used":{"minecraft:sheep_spawn_egg":2,"minecraft:nether_gold_ore":17,"minecraft:nether_quartz_ore":16,"minecraft:crimson_nylium":1},"minecraft:custom":{"minecraft:jump":58,"minecraft:open_chest":8,"minecraft:time_since_rest":113583,"minecraft:crouch_one_cm":894,"minecraft:play_time":113583,"minecraft:sprint_one_cm":12148,"minecraft:damage_taken":90,"minecraft:time_since_death":113583,"minecraft:walk_one_cm":42038,"minecraft:sneak_time":891,"minecraft:climb_one_cm":531,"minecraft:total_world_time":113583,"minecraft:fall_one_cm":858,"minecraft:fly_one_cm":2265427}},"DataVersion":3120}