{
  "mowziesmobs:root": {
    "criteria": {
      "custom_test_name": "2024-11-06 23:00:11 +0000"
    },
    "done": true
  },
  "minecraft:adventure/adventuring_time": {
    "criteria": {
      "minecraft:frozen_river": "2024-11-06 23:01:55 +0000",
      "minecraft:snowy_plains": "2024-11-06 23:01:57 +0000",
      "minecraft:stony_shore": "2024-11-06 23:01:52 +0000",
      "minecraft:snowy_taiga": "2024-11-06 23:00:13 +0000",
      "minecraft:grove": "2024-11-06 23:00:51 +0000"
    },
    "done": false
  },
  "DataVersion": 3120
}