{
  "mowziesmobs:root": {
    "criteria": {
      "custom_test_name": "2024-11-06 23:00:01 +0000"
    },
    "done": true
  },
  "minecraft:adventure/adventuring_time": {
    "criteria": {
      "minecraft:snowy_slopes": "2024-11-06 23:43:24 +0000",
      "minecraft:deep_ocean": "2024-11-06 23:42:22 +0000",
      "minecraft:frozen_river": "2024-11-06 23:01:00 +0000",
      "minecraft:sunflower_plains": "2024-11-06 23:45:32 +0000",
      "minecraft:beach": "2024-11-06 23:41:25 +0000",
      "minecraft:river": "2024-11-06 23:41:03 +0000",
      "minecraft:snowy_plains": "2024-11-06 23:05:49 +0000",
      "minecraft:stony_shore": "2024-11-06 23:02:37 +0000",
      "minecraft:snowy_taiga": "2024-11-06 23:00:04 +0000",
      "minecraft:grove": "2024-11-06 23:02:21 +0000",
      "minecraft:forest": "2024-11-06 23:40:09 +0000",
      "minecraft:ocean": "2024-11-07 00:12:00 +0000",
      "minecraft:flower_forest": "2024-11-06 23:45:46 +0000",
      "minecraft:meadow": "2024-11-06 23:43:30 +0000",
      "minecraft:plains": "2024-11-06 23:40:59 +0000"
    },
    "done": false
  },
  "DataVersion": 3120
}