{
  "mowziesmobs:root": {
    "criteria": {
      "custom_test_name": "2024-11-06 23:00:01 +0000"
    },
    "done": true
  },
  "minecraft:adventure/adventuring_time": {
    "criteria": {
      "minecraft:frozen_river": "2024-11-06 23:01:00 +0000",
      "minecraft:snowy_plains": "2024-11-06 23:05:49 +0000",
      "minecraft:stony_shore": "2024-11-06 23:02:37 +0000",
      "minecraft:snowy_taiga": "2024-11-06 23:00:04 +0000",
      "minecraft:grove": "2024-11-06 23:02:21 +0000"
    },
    "done": false
  },
  "DataVersion": 3120
}